Workbook

Sheet Dashboard
A1: Sales & Revenue Analysis Dashboard
A4: TOTAL SALES | D4: TOTAL PROFIT
A5: =SUM(Data!C2:C7) | D5: =SUM(Data!D2:D7)
A8: Product Performance Summary
A9: Product | B9: Category | C9: Sales | D9: Profit | E9: Region
A10: =Data!B2 | B10: =Data!A2 | C10: =Data!C2 | D10: =Data!D2 | E10: =Data!E2
A11: =Data!B3 | B11: =Data!A3 | C11: =Data!C3 | D11: =Data!D3 | E11: =Data!E3
A12: =Data!B4 | B12: =Data!A4 | C12: =Data!C4 | D12: =Data!D4 | E12: =Data!E4
A13: =Data!B5 | B13: =Data!A5 | C13: =Data!C5 | D13: =Data!D5 | E13: =Data!E5
A14: =Data!B6 | B14: =Data!A6 | C14: =Data!C6 | D14: =Data!D6 | E14: =Data!E6
A15: =Data!B7 | B15: =Data!A7 | C15: =Data!C7 | D15: =Data!D7 | E15: =Data!E7

Sheet Data
A1: Category | B1: Product | C1: Total Sales | D1: Profit | E1: Region
A2: Electronics | B2: Laptop | C2: 250000 | D2: 50000 | E2: North
A3: Electronics | B3: Smartphone | C3: 200000 | D3: 40000 | E3: South
A4: Clothing | B4: T-Shirt | C4: 25000 | D4: 10000 | E4: East
A5: Footwear | B5: Shoes | C5: 50000 | D5: 15000 | E5: West
A6: Electronics | B6: Headphones | C6: 45000 | D6: 12000 | E6: South
A7: Clothing | B7: Jeans | C7: 36000 | D7: 14000 | E7: North
